url,url_mobile,title,seendate,socialimage,domain,language,sourcecountry
http://www.notiziegeopolitiche.net/venezuela-maduro-sci-scaglia-contro-trump-per-lo-stop-ai-visti/,,Venezuela . Maduro si scaglia contro Trump per lo stop ai visti,20250608T121500Z,https://www.notiziegeopolitiche.net/wp-content/uploads/2021/08/IMG_7655.jpg,notiziegeopolitiche.net,Italian,Italy
https://www.zazoom.it/soluzioni-cruciverba/definizione/2023-06-08--capitale-del-venezuela--10-18/623324/,,La capitale del Venezuela [ Soluzione 7 lettere ] ,20250608T224500Z,https://www.zazoom.it/soluzioni-cruciverba/img/CARACAS-623324.jpg,zazoom.it,Italian,Italy
https://www.salernotoday.it/blog/gustasalerno/familia-yelina-venezuela-bivio-pratole.html,,"  La Familia  di Yelina , un angolo di Venezuela in provincia di Salerno",20250607T150000Z,https://www.salernotoday.it/~media/horizontal-hi/16206951283445/yelina.jpeg,salernotoday.it,Italian,Italy
https://www.macitynet.it/ios-26-messaggi-con-sfondi-personalizzati-comandi-rapidi-generativi-e-mixmoji/,,"iOS 26 , Messaggi si ispirerà a Whatsapp per essere più creativa",20250607T131500Z,,macitynet.it,Italian,Italy
https://www.gazzetta.it/Calciomercato/08-06-2025/calciomercato-tutte-le-notizie-di-oggi-la-diretta-1.shtml,https://www.gazzetta.it/Calciomercato/08-06-2025/calciomercato-tutte-le-notizie-di-oggi-la-diretta-1_amp.shtml,Calciomercato : tutte le notizie di oggi | La diretta,20250608T081500Z,https://dimages2.gazzettaobjects.it/files/og_thumbnail/uploads/2025/06/07/6844a9edc6a18.jpeg,gazzetta.it,Italian,Italy
https://www.giornaledibrescia.it/italia-e-estero/trump-guardia-nazionale-per-ristabilire-legge-e-ordine-fyztidic,,"Trump , guardia nazionale per ristabilire legge e ordine",20250608T214500Z,https://api.gdb.atexcloud.io/image-service/view/acePublic/alias/contentid/1jqekhi1qq54wwnis10/1/usa-ice-raid-protest.webp?f=16%3A9,giornaledibrescia.it,English,Italy
https://www.giornaledibrescia.it/italia-e-estero/los-angeles-10-arresti-durante-gli-scontri-con-la-polizia-d3mdsurq,,"Los Angeles , 10 arresti durante gli scontri con la polizia",20250609T063000Z,https://api.gdb.atexcloud.io/image-service/view/acePublic/alias/contentid/1jqp4ni7p63q502gssm/0/usa-ice-raid-protest.webp?f=16%3A9,giornaledibrescia.it,English,Italy
https://www.giornaledibrescia.it/italia-e-estero/guardia-nazionale-lancia-lacrimogeni-a-los-angeles-m5kcpk8u,,Guardia nazionale lancia lacrimogeni a Los Angeles,20250608T214500Z,https://api.gdb.atexcloud.io/image-service/view/acePublic/alias/contentid/1jqekiru56i36vcjndh/1/usa-ice-raid-protest.webp?f=16%3A9,giornaledibrescia.it,English,Italy
https://www.giornaledibrescia.it/italia-e-estero/los-angeles-500-marines-pronti-ad-essere-dispiegati-pjsn1ova,,"Los Angeles , 500 marines pronti ad essere dispiegati",20250609T020000Z,https://api.gdb.atexcloud.io/image-service/view/acePublic/alias/contentid/1jqjr1hd71u7hrzljsn/0/usa-ice-raid-protest.webp?f=16%3A9,giornaledibrescia.it,English,Italy
https://www.zazoom.it/2025-06-08/film-cult-con-nicolas-cage-che-ogni-fan-di-mission-impossible-deve-vedere/17150251/,,Film cult con Nicolas Cage che ogni fan di Mission | Impossible deve vedere,20250608T190000Z,https://jumptheshark.it/wp-content/uploads/2025/06/mission-impossibe-snake-eyes.jpg,zazoom.it,Italian,Italy
https://www.deejay.it/articoli/party-like-a-deejay-2025-foto-racconto-concerto-8-giugno/,https://www.deejay.it/articoli/party-like-a-deejay-2025-foto-racconto-concerto-8-giugno/amp/,Party Like a Deejay : foto e racconto concerto domenica 8 giugno,20250609T093000Z,https://cdn.gelestatic.it/deejay/sites/2/2025/06/party-like-a-deejay-2025-foto-racconto-concerto-8-giugno.jpg,deejay.it,Italian,Italy
https://www.ansa.it/campania/notizie/2025/06/06/capasso-da-napoli-parte-un-messaggio-forte-per-la-pace_a269ffac-b3ea-4a16-a175-cc9bec25a615.html,https://www.ansa.it/amp/campania/notizie/2025/06/06/capasso-da-napoli-parte-un-messaggio-forte-per-la-pace_a269ffac-b3ea-4a16-a175-cc9bec25a615.html,"Capasso , da Napoli parte un messaggio forte per la pace - Notizie",20250606T164500Z,https://www.ansa.it/webimages/img_1129x635/2025/6/6/8741c4c0a29e2fd0606a8d42ac27160e.jpg,ansa.it,Italian,Italy
https://www.agenzianova.com/news/cina-usa-colloqui-commerciali-lunedi-a-londra-il-vicepremier-he-guidera-la-delegazione-di-pechino/,,"Cina - Usa : colloqui commerciali lunedì a Londra , il vicepremier He guiderà la delegazione di Pechino",20250607T204500Z,https://www.agenzianova.com/news/wp-content/uploads/2023/03/usa-cina.jpg,agenzianova.com,Italian,Italy
https://www.adnkronos.com/cronaca/torino-al-cimitero-monumentale-va-in-scena-severed-una-riflessione-su-eredita-conflitti_7pPCPyAhgcmJEx2yHzNuRB,,"Torino , al Cimitero Monumentale va in scena  Severed , una riflessione su eredità conflitti",20250606T133000Z,https://www.adnkronos.com/resources/029a-1def44776eb9-eccd9dbb9451-1000/234.png,adnkronos.com,Italian,Italy
https://www.zazoom.it/2025-06-09/borsa-di-tokyo-in-rialzo-yen-debole-favorisce-export-attesi-negoziati-cina-usa/17150889/,,Borsa di Tokyo in rialzo | yen debole favorisce export attesi negoziati Cina - USA,20250609T013000Z,https://www.quotidiano.net/image-service/view/acePublic/alias/contentid/ZTFiN2NkYmEtNDFjNi00/0/borsa-tokyo-apertura-in-rialzo-0-73.jpeg,zazoom.it,Italian,Italy
https://www.deejay.it/articoli/party-like-a-deejay-2025-foto-sabato-7-giugno/,https://www.deejay.it/articoli/party-like-a-deejay-2025-foto-sabato-7-giugno/amp/,Party Like a Deejay 2025 : racconto e foto di sabato 7 giugno,20250607T191500Z,https://cdn.gelestatic.it/deejay/sites/2/2025/06/party-like-a-deejay-2025.jpg,deejay.it,Italian,Italy
https://www.zazoom.it/2025-06-07/sanremo-aggressione-omofoba-al-vicepresidente-arcigay-non-e-una-bravata-e-odio/17144283/,,Sanremo aggressione omofoba al vicepresidente Arcigay |  Non è una bravata è odio  ,20250607T150000Z,https://www.zazoom.it/news.jpg,zazoom.it,Italian,Italy
https://www.meteoweb.eu/2025/06/9-giugno-1934-nasce-paperino-papero-piu-famoso-mondo/1001801009/,https://www.meteoweb.eu/2025/06/9-giugno-1934-nasce-paperino-papero-piu-famoso-mondo/1001801009/?amp=1,"Il 9 giugno 1934 nasce Paperino , il papero più famoso del mondo",20250609T063000Z,https://www.meteoweb.eu/wp-content/uploads/2015/06/paperino.jpg,meteoweb.eu,Italian,Italy
https://www.asianews.it/notizie-it/Travel-ban-di-Trump:-un-duro-colpo-alle-speranze-dei-rifugiati-birmani-63246.html,,MYANMAR Travel ban di Trump : un duro colpo alle speranze dei rifugiati birmani,20250607T093000Z,https://www.asianews.it/files/img/Immagine_2025-06-07_110135.png,asianews.it,Italian,Italy
https://www.lastampa.it/asti/2025/06/08/news/maurizio_ghiberti_corsa_san_damiano_perugia_guerre-15181255/,https://www.lastampa.it/asti/2025/06/08/news/maurizio_ghiberti_corsa_san_damiano_perugia_guerre-15181255/amp/,Il podista Maurizio Ghiberti :  Correrò 600 km contro tutte le guerre  ,20250608T081500Z,https://www.gedistatic.it/content/gnn/img/lastampa/2025/06/07/164345163-0e0ebc24-61a9-49af-a1ed-142480a6df29.jpg,lastampa.it,Italian,Italy
https://www.repubblica.it/motori/2025/06/07/news/a_parigi_e_nato_il_classic_car_club_e_l_ha_fondato_il_lutetia_l_hotel_piu_famoso_della_rive_gauche-424654619/,https://www.repubblica.it/motori/2025/06/07/news/a_parigi_e_nato_il_classic_car_club_e_l_ha_fondato_il_lutetia_l_hotel_piu_famoso_della_rive_gauche-424654619/amp/,"A Parigi è nato il Classic Car Club . E lha fondato il Lutetia , lhotel più famoso della Rive Gauche",20250607T184500Z,https://www.repstatic.it/content/nazionale/img/2025/06/07/181100704-4485c2ad-2156-40a7-9dad-e0956103f4ff.jpg,repubblica.it,Italian,Italy
https://www.romadailynews.it/notiziario-xinhua/cina-he-lifeng-visitera-il-regno-unito-terra-prima-riunione-meccanismo-di-consultazione-economica-e-commerciale-cina-usa-0884602/,https://www.romadailynews.it/notiziario-xinhua/cina-he-lifeng-visitera-il-regno-unito-terra-prima-riunione-meccanismo-di-consultazione-economica-e-commerciale-cina-usa-0884602/amp/,"Cina : He Lifeng visitera  il Regno Unito , terra  prima riunione meccanismo di consultazione economica e commerciale Cina - USA",20250607T194500Z,,romadailynews.it,Italian,Italy
https://www.borsaitaliana.it/borsa/notizie/radiocor/finanza/dettaglio/morning-note-economia-e-finanza-dai-giornali-esteri-nRC_06062025_1014_214573951.html,,Morning note : economia e finanza dai giornali esteri,20250606T133000Z,,borsaitaliana.it,English,Italy
https://www.zazoom.it/2025-06-07/cina-he-lifeng-visitera-il-regno-unito-terra-prima-riunione-meccanismo-di-consultazione-economica-e-commerciale-cina-usa/17144487/,,Cina | He Lifeng visitera  il Regno Unito terra  prima riunione meccanismo di consultazione economica e commerciale Cina - USA,20250607T154500Z,,zazoom.it,Italian,Italy
https://www.lapresse.it/esteri/2025/06/06/dazi-incontro-usa-cina-a-londra-il-9-giugno/,https://www.lapresse.it/esteri/2025/06/06/dazi-incontro-usa-cina-a-londra-il-9-giugno/amp/,"Dazi , incontro united states - Cina a Londra il 9 giugno",20250606T231500Z,https://img.lapresse.it/2025/06/06/AP25127653954234-1024x683.jpg,lapresse.it,Italian,Italy
https://www.zazoom.it/2025-06-09/mission-impossible-8-il-regista-risponde-sulla-principale-critica-mossa-al-film-volevamo-alleggerirvi/17152786/,,Mission | Impossible 8 il regista risponde sulla principale critica mossa al film,20250609T091500Z,https://movieplayer.net-cdn.it/t/images/2025/01/04/mission-impossible-the-final-reckoning-tom-cruise-foto_jpg_1200x0_crop_q85.jpg,zazoom.it,Italian,Italy
https://www.today.it/vision/cinema/mani-nude-recensione-alessandro-gassmann.html,https://amp.today.it/vision/cinema/mani-nude-recensione-alessandro-gassmann.html,"Mani nude , recensione del film con Alessandro Gassmann",20250607T103000Z,https://www.today.it/~media/horizontal-hi/37779032224753/mani-nude.jpg,today.it,Italian,Italy
https://www.giornaledibrescia.it/italia-e-estero/trump-conseguenze-gravi-per-elon-musk-se-finanzia-i-dem-srpru08e,,"Trump ,  conseguenze gravi per Elon Musk se finanzia i dem  ",20250607T174500Z,https://api.gdb.atexcloud.io/image-service/view/acePublic/alias/contentid/1jpht882g83exg3szbd/1/usa-trump-musk.webp?f=16%3A9,giornaledibrescia.it,English,Italy
https://www.giornaledibrescia.it/italia-e-estero/musk-cancella-il-post-con-laccusa-trump-nei-file-epstein-shkh5qms,,Musk cancella il post con laccusa  Trump nei file Epstein  ,20250607T174500Z,https://api.gdb.atexcloud.io/image-service/view/acePublic/alias/contentid/1jpg8w4okjp3i1lxzx5/1/usa-trump-musk.webp?f=16%3A9,giornaledibrescia.it,English,Italy
https://www.calcionews24.com/review-del-juego-de-casino-en-linea-penalty-shoot-out-de-evoplay-para-jugadores-en-mexico/,https://www.calcionews24.com/review-del-juego-de-casino-en-linea-penalty-shoot-out-de-evoplay-para-jugadores-en-mexico/amp/,Review del juego de casino en línea Penalty Shoot Out de Evoplay para jugadores en México,20250607T113000Z,https://www.slotjava.es/wp-content/uploads/2021/04/penalty-shoot-out-social.png,calcionews24.com,Spanish,Italy
https://www.lanuovasardegna.it/speciale/2025/06/06/news/referendum-l-ironia-social-sulle-parole-della-meloni-1.100718013,,"Referendum , lironia social sulle parole della Meloni",20250606T213000Z,,lanuovasardegna.it,Italian,Italy
https://www.ilfoglio.it/il-bi-e-il-ba/2025/06/07/news/berlusconi-zio-paperone-e-l-intelligenza-del-capitalismo-7801224/,https://www.ilfoglio.it/il-bi-e-il-ba/2025/06/07/news/berlusconi-zio-paperone-e-l-intelligenza-del-capitalismo-7801224/amp/,"Berlusconi , zio Paperone e lintelligenza del capitalismo",20250607T084500Z,https://img-prod.ilfoglio.it/2025/06/06/131459699-10ba947c-b79f-4bb4-ac94-ea5573f495f0.jpg,ilfoglio.it,Italian,Italy
https://www.ossolanews.it/2025/06/09/leggi-notizia/argomenti/ultimora/articolo/dazi-negoziati-cina-usa-a-londra-nuovo-round.html,https://www.ossolanews.it/2025/06/09/amp/argomenti/ultimora/articolo/dazi-negoziati-cina-usa-a-londra-nuovo-round.html,"Dazi , negoziati Cina - Usa : a Londra nuovo round",20250609T093000Z,https://www.ossolanews.it/fileadmin/archivio/adnkronos/imported/www.adnkronos.com_resources_0299-1db2ee14676e-beb861397aab-1000_format_medium_dazi_container_afp.jpeg.jpeg,ossolanews.it,Italian,Italy
https://www.zazoom.it/2025-06-07/tropical-coriano-saluti-e-ringraziamenti-dopo-la-promozione-in-serie-d/17141871/,,Tropical Coriano | saluti e ringraziamenti dopo la promozione in serie D,20250607T074500Z,https://sport.quotidiano.net/image-service/view/acePublic/alias/contentid/N2MwYTcwOWUtNmQxMS00/3/calcio.jpeg,zazoom.it,Italian,Italy
https://www.viveresanbenedetto.it/altrigiornali/14/90807-2025,,"Dazi , negoziati Cina - Usa : a Londra nuovo round • Vivere San Benedetto notizie per la città e il territorio",20250609T091500Z,https://www.viveresanbenedetto.it/upload/2025_06/1480480_dazi_container_afp..jpg,viveresanbenedetto.it,Italian,Italy
https://www.zazoom.it/news-notizia/post/815686/2025-06-09-nuovo-round-negoziati-cina-usa-londra-riaccende-confronto-sui-dazi--10-32/,,Nuovo round di negoziati Cina - USA a Londra : si riaccende il confronto sui dazi,20250609T090000Z,https://www.zazoom.it/foto/161889216-88022630-60542588.jpeg,zazoom.it,Italian,Italy
https://www.vglobale.it/2025/06/09/dazi-negoziati-cina-usa-a-londra-nuovo-round/,,"Dazi , negoziati Cina - Usa : a Londra nuovo round - Villaggio Globale",20250609T101500Z,https://www.vglobale.it/wp-content/uploads/2018/04/td_1068x580.png,vglobale.it,Italian,Italy
https://www.meridiananotizie.it/2025/06/primo-piano/dazi-negoziati-cina-usa-a-londra-nuovo-round/,,"Dazi , negoziati Cina - Usa : a Londra nuovo round - Meridiana Notizie",20250609T084500Z,,meridiananotizie.it,Italian,Italy
https://quotidianodibari.it/dazi-negoziati-cina-usa-a-londra-nuovo-round/,,"Dazi , negoziati Cina - Usa : a Londra nuovo round - QuotidianodiBari . it",20250609T100000Z,,quotidianodibari.it,Italian,Italy
https://finanza.lastampa.it/News/2025/06/09/usa-cina-ripresa-dei-negoziati-a-londra-sul-tavolo-minerali-e-tecnologie-avanzate/MjNfMjAyNS0wNi0wOV9UTEI,,"Usa - Cina , ripresa dei negoziati a Londra : sul tavolo minerali e tecnologie avanzate",20250609T093000Z,https://images.teleborsa.it/t/stabile/116695.t.W600.H340.M4.jpg,finanza.lastampa.it,Italian,Italy
https://www.modenatoday.it/social/almanacco-compleanni-giorno-9-giugno-2025.html,,"Almanacco | Venerdì 9 giugno : accadde oggi , compleanni , santo e proverbio del giorno",20250608T211500Z,https://www.modenatoday.it/~media/horizontal-hi/2241512679906/giu9.jpg,modenatoday.it,Italian,Italy
https://www.zazoom.it/2025-06-06/trump-annuncia-un-nuovo-vertice-tra-usa-e-cina-a-londra-il-9-giugno/17140046/,,Trump annuncia un nuovo vertice tra united states e Cina a Londra il 9 giugno,20250606T201500Z,https://www.lettera43.it/wp-content/uploads/2025/06/tagfin_20250606214112796_cbfb2b32db3647a1c579330a3d529648.jpg,zazoom.it,Italian,Italy
https://www.zazoom.it/2025-06-06/trump-e-i-dazi-lunedi-incontro-usa-cina/17140361/,,Trump e i dazi lunedì incontro united states - Cina,20250606T221500Z,https://img2.liberoquotidiano.it/images/2025/06/06/193409421-f4646a4d-b15e-4c6f-a4d3-d26f7d774b5c.jpg,zazoom.it,Italian,Italy
https://www.ilfoglio.it/moda/2025/06/09/news/atelier-eterni-perche-la-moda-non-muore-mai-7801225/,https://www.ilfoglio.it/moda/2025/06/09/news/atelier-eterni-perche-la-moda-non-muore-mai-7801225/amp/,Atelier eterni : perché la moda non muore mai,20250609T103000Z,https://img-prod.ilfoglio.it/2025/06/06/131259372-382b6bae-8a94-4b03-9b2f-1f74545f124f.jpg,ilfoglio.it,Italian,Italy
https://www.wantedinrome.com/news/tiktoker-khaby-lame-detained-us-immigration.html,,TikTok star Khaby Lame detained by US immigration,20250608T064500Z,https://www.wantedinrome.com/i/preview/storage/uploads/2025/06/Khaby_Lame_US_ICE_immigration_Italy.jpg,wantedinrome.com,English,Italy
https://www.zazoom.it/2025-06-08/pallamano-la-prime-service-ad-un-passo-dalla-serie-a-da-venerdi-le-finali-nazionali/17147563/,,Pallamano la Prime Service ad un passo dalla serie A | da venerdi le finali nazionali,20250608T090000Z,https://www.anteprima24.it/wp-content/uploads/2025/06/hc-sannio-prime-service.jpg,zazoom.it,Italian,Italy
https://www.tvsette.net/pallamano-da-venerdi-20-a-domenica-22-giugno-prime-service-alle-finali-nazionali-di-chieti-e-pescara/,,Pallamano . Da venerdì 20 a domenica 22 giugno  Prime Service  alle finali nazionali di Chieti e Pescara,20250608T194500Z,https://www.tvsette.net/wp-content/uploads/2025/04/Pallamano-Prime-service.png,tvsette.net,Italian,Italy
https://www.zazoom.it/2025-06-07/sudan-epidemia-di-colera-con-oltre-mille-casi-al-giorno-manca-lacqua-pulita/17143061/,,Sudan epidemia di colera con oltre mille casi al giorno,20250607T110000Z,https://img.lapresse.it/2025/06/07/d3fdc8d971d845bc9b3ebc7bf32bcdfd.jpg,zazoom.it,Italian,Italy
https://www.bresciaoggi.it/territorio-bresciano/brescia/tra-castelletti-e-pd-le-tensioni-tengono-in-campo-l-ipotesi-del-rimpasto-1.12703155,https://www.bresciaoggi.it/territorio-bresciano/brescia/tra-castelletti-e-pd-le-tensioni-tengono-in-campo-l-ipotesi-del-rimpasto-1.12703155/amp,"Brescia , tra Castelletti e Pd in Giunta le tensioni tengono in campo lipotesi del rimpasto",20250607T074500Z,https://gfx.bresciaoggi.it/image/contentid/policy:1.12703154:1749228791/image.jpg?f=16x9&$p$f$h$w=7061f55,bresciaoggi.it,Italian,Italy
http://www.notiziegeopolitiche.net/lafrica-volta-le-spalle-a-parigi-storia-di-un-declino-annunciato/,,LAfrica volta le spalle a Parigi : storia di un declino annunciato,20250608T101500Z,https://www.notiziegeopolitiche.net/wp-content/uploads/2021/07/Africa.jpg,notiziegeopolitiche.net,Italian,Italy
https://insidethevatican.com/news/newsflash/letter-53-2025-thursday-june-5-putin-pope-call/,,"Letter # 53 , 2025 , Thursday , June 5 : Putin - Pope call",20250608T210000Z,https://insidethevatican.com/wp-content/uploads/2025/06/Pope-Leo-XIV-Vatican-Media-850.jpg,insidethevatican.com,English,Italy
https://www.corrieresalentino.it/2025/06/lalmanacco-di-oggi-9-giugno/,,Lalmanacco di oggi 9 giugno,20250609T060000Z,https://www.corrieresalentino.it/wp-content/uploads/2012/03/almanacco-5.jpg,corrieresalentino.it,Italian,Italy
https://www.zazoom.it/2025-06-09/almanacco-di-oggi-9-giugno-la-morte-di-nerone/17151449/,,Almanacco di oggi 9 giugno | la morte di Nerone,20250609T054500Z,https://www.repstatic.it/content/nazionale/img/2025/06/09/050627293-710bacd0-bdd5-4b89-b34d-14999cfbf8ce.jpg,zazoom.it,Italian,Italy
https://www.zazoom.it/soluzioni-cruciverba/definizione/2025-06-08-zia-qui-quo-qua--12-56/815517/,,La zia di Qui Quo e Qua [ Soluzione 8 lettere ] ,20250608T111500Z,https://www.zazoom.it/soluzioni-cruciverba/img/PAPERINA-815517.jpg,zazoom.it,Italian,Italy
https://www.pisatoday.it/social/almanacco-9-giugno-2025.html,,Almanacco 9 giugno 2025,20250609T093000Z,https://www.pisatoday.it/~media/horizontal-hi/44419968307362/almanacco-9-maggio.jpeg,pisatoday.it,Italian,Italy
https://www.arezzonotizie.it/social/almanacco-oggi-9-giugno-2025.html,,Almanacco del 9 giugno 2025,20250608T224500Z,https://www.arezzonotizie.it/~media/horizontal-hi/31062177082841/almanacco-9-maggio.jpeg,arezzonotizie.it,Italian,Italy
https://www.ilfattonisseno.it/2025/06/referendum-lironia-social-sulle-parole-della-meloni/,,"Referendum , lironia social sulle parole della Meloni - il Fatto Nisseno - Caltanissetta notizie , cronaca , attualità",20250606T183000Z,https://www.ilfattonisseno.it/wp-content/uploads/2025/06/Referendum-l%E2%80%99ironia-social-sulle-parole-della-Meloni.jpg,ilfattonisseno.it,Italian,Italy
https://www.informamolise.com/prima-pagina/referendum-lironia-social-sulle-parole-della-meloni/,,"Referendum , lironia social sulle parole della Meloni",20250606T233000Z,,informamolise.com,Italian,Italy
https://qds.it/referendum-lironia-social-sulle-parole-della-meloni/,,"Referendum , lironia social sulle parole della Meloni",20250607T051500Z,https://qds.it/wp-content/uploads/sites/2/2025/06/referendum_canva_rit.png,qds.it,Italian,Italy
https://www.meridiananotizie.it/2025/06/primo-piano/referendum-lironia-social-sulle-parole-della-meloni/,,"Referendum , lironia social sulle parole della Meloni",20250606T173000Z,,meridiananotizie.it,Italian,Italy
https://www.ecoseven.net/flash-news/referendum-lironia-social-sulle-parole-della-meloni/,,"Referendum , lironia social sulle parole della Meloni",20250606T181500Z,,ecoseven.net,Italian,Italy
https://insidethevatican.com/magazine/pakistans-first-likely-saint-us-ambassador-to-vatican-nominee-bishop-strickland-on-mcelroy-appointment-3-years-in-rupnik-case-still-ongoing-nigerians-honor-murdered-pr/,,"Pakistan first likely saint ; US ambassador to Vatican nominee ; Bishop Strickland on McElroy appointment ; 3 years in , Rupnik case still  ongoing ; Nigerians honor murdered priest",20250608T210000Z,https://insidethevatican.com/wp-content/uploads/2025/06/61-Rupnik-MOSAIC-x.png,insidethevatican.com,English,Italy
http://maremmanews.it/post/l-estate-di-eventi-a-monterotondo-marittimo,,Lestate di eventi a Monterotondo Marittimo,20250607T114500Z,http://maremmanews.it/media/images/VADEMECUM-1.jpg,maremmanews.it,Italian,Italy
https://internationaltimes.it/falling-towers/,,FALLING TOWERS,20250607T074500Z,,internationaltimes.it,English,Italy
https://internationaltimes.it/the-old-boys-return/,,THE OLD BOYS RETURN,20250607T074500Z,,internationaltimes.it,English,Italy
https://insidethevatican.com/magazine/new-vatican-document-examines-risks-of-ai/,,New Vatican Document Examines Risks of AI - Inside The Vatican,20250608T210000Z,https://insidethevatican.com/wp-content/uploads/2025/06/creazione-nuova-mani-uomo-robot-3-x.png,insidethevatican.com,English,Italy
